MovieID,Title,Year,Director,Genres,Main Cast
0111161,The Shawshank Redemption,1994,Frank Darabont,['Drama'],"['Tim Robbins', 'Morgan Freeman', 'Bob Gunton', 'William Sadler', 'Clancy Brown']"
0068646,The Godfather,1972,Francis Ford Coppola,"['Crime', 'Drama']","['Marlon Brando', 'Al Pacino', 'James Caan', 'Richard S. Castellano', 'Robert Duvall']"
0071562,The Godfather: Part II,1974,Francis Ford Coppola,"['Crime', 'Drama']","['Al Pacino', 'Robert Duvall', 'Diane Keaton', 'Robert De Niro', 'John Cazale']"
0468569,The Dark Knight,2008,Christopher Nolan,"['Action', 'Crime', 'Drama', 'Thriller']","['Christian Bale', 'Heath Ledger', 'Aaron Eckhart', 'Michael Caine', 'Maggie Gyllenhaal']"
0050083,12 Angry Men,1957,Sidney Lumet,"['Crime', 'Drama']","['Martin Balsam', 'John Fiedler', 'Lee J. Cobb', 'E.G. Marshall', 'Jack Klugman']"
0108052,Schindler's List,1993,Steven Spielberg,"['Biography', 'Drama', 'History']","['Liam Neeson', 'Ben Kingsley', 'Ralph Fiennes', 'Caroline Goodall', 'Jonathan Sagall']"
0167260,The Lord of the Rings: The Return of the King,2003,Peter Jackson,"['Action', 'Adventure', 'Drama', 'Fantasy']","['Noel Appleby', 'Ali Astin', 'Sean Astin', 'David Aston', 'John Bach']"
0110912,Pulp Fiction,1994,Quentin Tarantino,"['Crime', 'Drama']","['Tim Roth', 'Amanda Plummer', 'Laura Lovelace', 'John Travolta', 'Samuel L. Jackson']"
0060196,"The Good, the Bad and the Ugly",1966,Sergio Leone,"['Adventure', 'Western']","['Eli Wallach', 'Clint Eastwood', 'Lee Van Cleef', 'Aldo Giuffrè', 'Luigi Pistilli']"
0120737,The Lord of the Rings: The Fellowship of the Ring,2001,Peter Jackson,"['Action', 'Adventure', 'Drama', 'Fantasy']","['Alan Howard', 'Noel Appleby', 'Sean Astin', 'Sala Baker', 'Sean Bean']"
0137523,Fight Club,1999,David Fincher,['Drama'],"['Edward Norton', 'Brad Pitt', 'Meat Loaf', 'Zach Grenier', 'Richmond Arquette']"
0109830,Forrest Gump,1994,Robert Zemeckis,"['Drama', 'Romance']","['Tom Hanks', 'Rebecca Williams', 'Sally Field', 'Michael Conner Humphreys', 'Harold G. Herthum']"
1375666,Inception,2010,Christopher Nolan,"['Action', 'Adventure', 'Sci-Fi', 'Thriller']","['Leonardo DiCaprio', 'Joseph Gordon-Levitt', 'Elliot Page', 'Tom Hardy', 'Ken Watanabe']"
0167261,The Lord of the Rings: The Two Towers,2002,Peter Jackson,"['Action', 'Adventure', 'Drama', 'Fantasy']","['Bruce Allpress', 'Sean Astin', 'John Bach', 'Sala Baker', 'Cate Blanchett']"
0080684,Star Wars: Episode V - The Empire Strikes Back,1980,Irvin Kershner,"['Action', 'Adventure', 'Fantasy', 'Sci-Fi']","['Mark Hamill', 'Harrison Ford', 'Carrie Fisher', 'Billy Dee Williams', 'Anthony Daniels']"
0133093,The Matrix,1999,Lana Wachowski,"['Action', 'Sci-Fi']","['Keanu Reeves', 'Laurence Fishburne', 'Carrie-Anne Moss', 'Hugo Weaving', 'Gloria Foster']"
0099685,Goodfellas,1990,Martin Scorsese,"['Biography', 'Crime', 'Drama']","['Robert De Niro', 'Ray Liotta', 'Joe Pesci', 'Lorraine Bracco', 'Paul Sorvino']"
0073486,One Flew Over the Cuckoo's Nest,1975,Milos Forman,['Drama'],"['Michael Berryman', 'Peter Brocco', 'Dean R. Brooks', 'Alonzo Brown', 'Scatman Crothers']"
0047478,Seven Samurai,1954,Akira Kurosawa,"['Action', 'Drama']","['Toshirô Mifune', 'Takashi Shimura', 'Keiko Tsushima', 'Yukiko Shimazaki', 'Kamatari Fujiwara']"
0114369,Se7en,1995,David Fincher,"['Crime', 'Drama', 'Mystery', 'Thriller']","['Morgan Freeman', 'Andrew Kevin Walker', 'Daniel Zacapa', 'Brad Pitt', 'Gwyneth Paltrow']"
0102926,The Silence of the Lambs,1991,Jonathan Demme,"['Crime', 'Drama', 'Thriller']","['Jodie Foster', 'Lawrence A. Bonney', 'Kasi Lemmons', 'Lawrence T. Wrentz', 'Scott Glenn']"
0317248,City of God,2002,Fernando Meirelles,"['Crime', 'Drama']","['Alexandre Rodrigues', 'Leandro Firmino', 'Phellipe Haagensen', 'Douglas Silva', 'Jonathan Haagensen']"
0118799,Life Is Beautiful,1997,Roberto Benigni,"['Comedy', 'Drama', 'Romance', 'War']","['Roberto Benigni', 'Nicoletta Braschi', 'Giorgio Cantarini', 'Giustino Durano', 'Sergio Bini Bustric']"
0038650,It's a Wonderful Life,1946,Frank Capra,"['Comedy', 'Drama', 'Family', 'Fantasy']","['James Stewart', 'Donna Reed', 'Lionel Barrymore', 'Thomas Mitchell', 'Henry Travers']"
0120815,Saving Private Ryan,1998,Steven Spielberg,"['Drama', 'War']","['Tom Hanks', 'Tom Sizemore', 'Edward Burns', 'Barry Pepper', 'Adam Goldberg']"
10872600,Spider-Man: No Way Home,2021,Jon Watts,"['Action', 'Adventure', 'Fantasy', 'Sci-Fi']","['Tom Holland', 'Zendaya', 'Benedict Cumberbatch', 'Jacob Batalon', 'Jon Favreau']"
0076759,Star Wars: Episode IV - A New Hope,1977,George Lucas,"['Action', 'Adventure', 'Fantasy', 'Sci-Fi']","['Mark Hamill', 'Harrison Ford', 'Carrie Fisher', 'Peter Cushing', 'Alec Guinness']"
0816692,Interstellar,2014,Christopher Nolan,"['Adventure', 'Drama', 'Sci-Fi']","['Ellen Burstyn', 'Matthew McConaughey', 'Mackenzie Foy', 'John Lithgow', 'Timothée Chalamet']"
0245429,Spirited Away,2001,Hayao Miyazaki,"['Animation', 'Adventure', 'Family', 'Fantasy', 'Mystery']","['Rumi Hiiragi', 'Miyu Irino', 'Mari Natsuki', 'Takashi Naitô', 'Yasuko Sawaguchi']"
0120689,The Green Mile,1999,Frank Darabont,"['Crime', 'Drama', 'Fantasy', 'Mystery']","['Tom Hanks', 'David Morse', 'Bonnie Hunt', 'Michael Clarke Duncan', 'James Cromwell']"
6751668,Parasite,2019,Bong Joon Ho,"['Comedy', 'Drama', 'Thriller']","['Kang-ho Song', 'Sun-kyun Lee', 'Yeo-jeong Cho', 'Woo-sik Choi', 'So-dam Park']"
0110413,Léon: The Professional,1994,Luc Besson,"['Action', 'Crime', 'Drama', 'Thriller']","['Jean Reno', 'Gary Oldman', 'Natalie Portman', 'Danny Aiello', 'Peter Appel']"
0056058,Hara-Kiri,1962,Masaki Kobayashi,"['Action', 'Drama', 'Mystery']","['Tatsuya Nakadai', 'Akira Ishihama', 'Shima Iwashita', 'Tetsurô Tanba', 'Masao Mishima']"
0253474,The Pianist,2002,Roman Polanski,"['Biography', 'Drama', 'Music', 'War']","['Adrien Brody', 'Emilia Fox', 'Michal Zebrowski', 'Ed Stoppard', 'Maureen Lipman']"
0103064,Terminator 2: Judgment Day,1991,James Cameron,"['Action', 'Sci-Fi']","['Arnold Schwarzenegger', 'Linda Hamilton', 'Edward Furlong', 'Robert Patrick', 'Earl Boen']"
0088763,Back to the Future,1985,Robert Zemeckis,"['Adventure', 'Comedy', 'Sci-Fi']","['Michael J. Fox', 'Christopher Lloyd', 'Lea Thompson', 'Crispin Glover', 'Tom Wilson']"
0114814,The Usual Suspects,1995,Bryan Singer,"['Crime', 'Drama', 'Mystery', 'Thriller']","['Stephen Baldwin', 'Gabriel Byrne', 'Benicio Del Toro', 'Kevin Pollak', 'Kevin Spacey']"
0054215,Psycho,1960,Alfred Hitchcock,"['Horror', 'Mystery', 'Thriller']","['Anthony Perkins', 'Vera Miles', 'John Gavin', 'Janet Leigh', 'Martin Balsam']"
0110357,The Lion King,1994,Roger Allers,"['Animation', 'Adventure', 'Drama', 'Family', 'Musical']","['Rowan Atkinson', 'Matthew Broderick', 'Niketa Calame-Harris', 'Jim Cummings', 'Whoopi Goldberg']"
0027977,Modern Times,1936,Charles Chaplin,"['Comedy', 'Drama', 'Romance']","['Charles Chaplin', 'Paulette Goddard', 'Henry Bergman', 'Tiny Sandford', 'Chester Conklin']"
0095327,Grave of the Fireflies,1988,Isao Takahata,"['Animation', 'Drama', 'War']","['Tsutomu Tatsumi', 'Ayano Shiraishi', 'Yoshiko Shinohara', 'Akemi Yamaguchi', 'Kôzô Hashida']"
0120586,American History X,1998,Tony Kaye,['Drama'],"['Edward Norton', 'Edward Furlong', ""Beverly D'Angelo"", 'Jennifer Lien', 'Ethan Suplee']"
2582802,Whiplash,2014,Damien Chazelle,"['Drama', 'Music']","['Miles Teller', 'J.K. Simmons', 'Paul Reiser', 'Melissa Benoist', 'Austin Stowell']"
0172495,Gladiator,2000,Ridley Scott,"['Action', 'Adventure', 'Drama']","['Russell Crowe', 'Joaquin Phoenix', 'Connie Nielsen', 'Oliver Reed', 'Richard Harris']"
0407887,The Departed,2006,Martin Scorsese,"['Crime', 'Drama', 'Thriller']","['Leonardo DiCaprio', 'Matt Damon', 'Jack Nicholson', 'Mark Wahlberg', 'Martin Sheen']"
0021749,City Lights,1931,Charles Chaplin,"['Comedy', 'Drama', 'Romance']","['Virginia Cherrill', 'Florence Lee', 'Harry Myers', 'Al Ernest Garcia', 'Hank Mann']"
1675434,The Intouchables,2011,Olivier Nakache,"['Biography', 'Comedy', 'Drama']","['François Cluzet', 'Omar Sy', 'Anne Le Ny', 'Audrey Fleurot', 'Joséphine de Meaux']"
0482571,The Prestige,2006,Christopher Nolan,"['Drama', 'Mystery', 'Thriller']","['Hugh Jackman', 'Christian Bale', 'Michael Caine', 'Piper Perabo', 'Rebecca Hall']"
0034583,Casablanca,1942,Michael Curtiz,"['Drama', 'Romance', 'War']","['Humphrey Bogart', 'Ingrid Bergman', 'Paul Henreid', 'Claude Rains', 'Conrad Veidt']"
0064116,Once Upon a Time in the West,1968,Sergio Leone,['Western'],"['Claudia Cardinale', 'Henry Fonda', 'Jason Robards', 'Charles Bronson', 'Gabriele Ferzetti']"
0047396,Rear Window,1954,Alfred Hitchcock,"['Mystery', 'Thriller']","['James Stewart', 'Grace Kelly', 'Wendell Corey', 'Thelma Ritter', 'Raymond Burr']"
0095765,Cinema Paradiso,1988,Giuseppe Tornatore,"['Drama', 'Romance']","['Antonella Attili', 'Enzo Cannavale', 'Isa Danieli', 'Leo Gullotta', 'Marco Leonardi']"
0078748,Alien,1979,Ridley Scott,"['Horror', 'Sci-Fi']","['Tom Skerritt', 'Sigourney Weaver', 'Veronica Cartwright', 'Harry Dean Stanton', 'John Hurt']"
0078788,Apocalypse Now,1979,Francis Ford Coppola,"['Drama', 'Mystery', 'War']","['Marlon Brando', 'Martin Sheen', 'Robert Duvall', 'Frederic Forrest', 'Sam Bottoms']"
0209144,Memento,2000,Christopher Nolan,"['Mystery', 'Thriller']","['Guy Pearce', 'Carrie-Anne Moss', 'Joe Pantoliano', 'Mark Boone Junior', 'Russ Fega']"
0082971,Indiana Jones and the Raiders of the Lost Ark,1981,Steven Spielberg,"['Action', 'Adventure']","['Harrison Ford', 'Karen Allen', 'Paul Freeman', 'Ronald Lacey', 'John Rhys-Davies']"
0032553,The Great Dictator,1940,Charles Chaplin,"['Comedy', 'Drama', 'War']","['Charles Chaplin', 'Jack Oakie', 'Reginald Gardiner', 'Henry Daniell', 'Billy Gilbert']"
1853728,Django Unchained,2012,Quentin Tarantino,"['Drama', 'Western']","['Jamie Foxx', 'Christoph Waltz', 'Leonardo DiCaprio', 'Kerry Washington', 'Samuel L. Jackson']"
0405094,The Lives of Others,2006,Florian Henckel von Donnersmarck,"['Drama', 'Mystery', 'Thriller']","['Martina Gedeck', 'Ulrich Mühe', 'Sebastian Koch', 'Ulrich Tukur', 'Thomas Thieme']"
0050825,Paths of Glory,1957,Stanley Kubrick,"['Drama', 'War']","['Kirk Douglas', 'Ralph Meeker', 'Adolphe Menjou', 'George Macready', 'Wayne Morris']"
0043014,Sunset Blvd.,1950,Billy Wilder,"['Drama', 'Film-Noir']","['William Holden', 'Gloria Swanson', 'Erich von Stroheim', 'Nancy Olson', 'Fred Clark']"
0910970,WALL·E,2008,Andrew Stanton,"['Animation', 'Adventure', 'Family', 'Sci-Fi']","['Ben Burtt', 'Elissa Knight', 'Jeff Garlin', 'Fred Willard', 'MacInTalk']"
4154756,Avengers: Infinity War,2018,Anthony Russo,"['Action', 'Adventure', 'Sci-Fi']","['Robert Downey Jr.', 'Chris Hemsworth', 'Mark Ruffalo', 'Chris Evans', 'Scarlett Johansson']"
0051201,Witness for the Prosecution,1957,Billy Wilder,"['Crime', 'Drama', 'Mystery', 'Thriller']","['Tyrone Power', 'Marlene Dietrich', 'Charles Laughton', 'Elsa Lanchester', 'John Williams']"
4633694,Spider-Man: Into the Spider-Verse,2018,Bob Persichetti,"['Animation', 'Action', 'Adventure', 'Comedy', 'Family', 'Fantasy', 'Sci-Fi']","['Shameik Moore', 'Jake Johnson', 'Hailee Steinfeld', 'Mahershala Ali', 'Brian Tyree Henry']"
0081505,The Shining,1980,Stanley Kubrick,"['Drama', 'Horror']","['Jack Nicholson', 'Shelley Duvall', 'Danny Lloyd', 'Scatman Crothers', 'Barry Nelson']"
0057012,Dr. Strangelove or: How I Learned to Stop Worrying and Love the Bomb,1964,Stanley Kubrick,"['Comedy', 'War']","['Peter Sellers', 'George C. Scott', 'Sterling Hayden', 'Keenan Wynn', 'Slim Pickens']"
0119698,Princess Mononoke,1997,Hayao Miyazaki,"['Animation', 'Action', 'Adventure', 'Fantasy']","['Billy Crudup', 'Billy Bob Thornton', 'Minnie Driver', 'John DiMaggio', 'Claire Danes']"
0364569,Oldboy,2003,Park Chan-wook,"['Action', 'Drama', 'Mystery', 'Thriller']","['Choi Min-sik', 'Yoo Ji-Tae', 'Kang Hye-jeong', 'Kim Byeong-Ok', 'Dae-han Ji']"
7286456,Joker,2019,Todd Phillips,"['Crime', 'Drama', 'Thriller']","['Joaquin Phoenix', 'Robert De Niro', 'Zazie Beetz', 'Frances Conroy', 'Brett Cullen']"
5311514,Your Name.,2016,Makoto Shinkai,"['Animation', 'Drama', 'Fantasy', 'Romance']","['Ryûnosuke Kamiki', 'Mone Kamishiraishi', 'Ryô Narita', 'Aoi Yûki', 'Nobunaga Shimazaki']"
2380307,Coco,2017,Lee Unkrich,"['Animation', 'Adventure', 'Comedy', 'Family', 'Fantasy', 'Music', 'Mystery']","['Anthony Gonzalez', 'Gael García Bernal', 'Benjamin Bratt', 'Alanna Ubach', 'Renee Victor']"
1345836,The Dark Knight Rises,2012,Christopher Nolan,"['Action', 'Crime', 'Drama']","['Christian Bale', 'Gary Oldman', 'Tom Hardy', 'Joseph Gordon-Levitt', 'Anne Hathaway']"
0090605,Aliens,1986,James Cameron,"['Action', 'Adventure', 'Sci-Fi', 'Thriller']","['Sigourney Weaver', 'Carrie Henn', 'Michael Biehn', 'Paul Reiser', 'Lance Henriksen']"
0087843,Once Upon a Time in America,1984,Sergio Leone,"['Crime', 'Drama']","['Robert De Niro', 'James Woods', 'Elizabeth McGovern', 'Treat Williams', 'Tuesday Weld']"
4154796,Avengers: Endgame,2019,Anthony Russo,"['Action', 'Adventure', 'Drama', 'Sci-Fi']","['Robert Downey Jr.', 'Chris Evans', 'Mark Ruffalo', 'Chris Hemsworth', 'Scarlett Johansson']"
8267604,Capernaum,2018,Nadine Labaki,['Drama'],"['Zain Al Rafeea', 'Yordanos Shiferaw', 'Boluwatife Treasure Bankole', 'Kawsar Al Haddad', 'Fadi Yousef']"
0082096,Das Boot,1981,Wolfgang Petersen,"['Drama', 'War']","['Jürgen Prochnow', 'Herbert Grönemeyer', 'Klaus Wennemann', 'Hubertus Bengsch', 'Martin Semmelrogge']"
0057565,High and Low,1963,Akira Kurosawa,"['Crime', 'Drama', 'Mystery', 'Thriller']","['Toshirô Mifune', 'Tatsuya Nakadai', 'Kyôko Kagawa', 'Tatsuya Mihashi', 'Isao Kimura']"
1187043,3 Idiots,2009,Rajkumar Hirani,"['Comedy', 'Drama']","['Aamir Khan', 'Madhavan', 'Sharman Joshi', 'Kareena Kapoor', 'Boman Irani']"
0114709,Toy Story,1995,John Lasseter,"['Animation', 'Adventure', 'Comedy', 'Family', 'Fantasy']","['Tom Hanks', 'Tim Allen', 'Don Rickles', 'Jim Varney', 'Wallace Shawn']"
0086879,Amadeus,1984,Milos Forman,"['Biography', 'Drama', 'Music']","['F. Murray Abraham', 'Tom Hulce', 'Elizabeth Berridge', 'Roy Dotrice', 'Simon Callow']"
0169547,American Beauty,1999,Sam Mendes,['Drama'],"['Kevin Spacey', 'Annette Bening', 'Thora Birch', 'Wes Bentley', 'Mena Suvari']"
0112573,Braveheart,1995,Mel Gibson,"['Biography', 'Drama', 'History', 'War']","['James Robinson', 'Sean Lawlor', 'Sandy Nelson', 'James Cosmo', 'Sean McGinley']"
0361748,Inglourious Basterds,2009,Quentin Tarantino,"['Adventure', 'Drama', 'War']","['Brad Pitt', 'Mélanie Laurent', 'Christoph Waltz', 'Eli Roth', 'Michael Fassbender']"
0119217,Good Will Hunting,1997,Gus Van Sant,"['Drama', 'Romance']","['Matt Damon', 'Ben Affleck', 'Stellan Skarsgård', 'John Mighton', 'Rachel Majorowski']"
8503618,Hamilton,2020,Thomas Kail,"['Biography', 'Drama', 'History', 'Musical']","['Daveed Diggs', 'Renée Elise Goldsberry', 'Jonathan Groff', 'Chris Jackson', 'Jasmine Cephas Jones']"
0091251,Come and See,1985,Elem Klimov,"['Drama', 'Thriller', 'War']","['Aleksey Kravchenko', 'Olga Mironova', 'Liubomiras Laucevicius', 'Vladas Bagdonas', 'Jüri Lumiste']"
0086190,Star Wars: Episode VI - Return of the Jedi,1983,Richard Marquand,"['Action', 'Adventure', 'Fantasy', 'Sci-Fi']","['Mark Hamill', 'Harrison Ford', 'Carrie Fisher', 'Billy Dee Williams', 'Anthony Daniels']"
0062622,2001: A Space Odyssey,1968,Stanley Kubrick,"['Adventure', 'Sci-Fi']","['Keir Dullea', 'Gary Lockwood', 'William Sylvester', 'Daniel Richter', 'Leonard Rossiter']"
0105236,Reservoir Dogs,1992,Quentin Tarantino,"['Crime', 'Drama', 'Thriller']","['Harvey Keitel', 'Tim Roth', 'Michael Madsen', 'Chris Penn', 'Steve Buscemi']"
0986264,Like Stars on Earth,2007,Aamir Khan,"['Drama', 'Family']","['Darsheel Safary', 'Aamir Khan', 'Tisca Chopra', 'Vipin Sharma', 'Sachet Engineer']"
0052357,Vertigo,1958,Alfred Hitchcock,"['Mystery', 'Romance', 'Thriller']","['James Stewart', 'Kim Novak', 'Barbara Bel Geddes', 'Tom Helmore', 'Henry Jones']"
0022100,M,1931,Fritz Lang,"['Crime', 'Mystery', 'Thriller']","['Peter Lorre', 'Ellen Widmann', 'Inge Landgut', 'Otto Wernicke', 'Theodor Loos']"
2106476,The Hunt,2012,Thomas Vinterberg,['Drama'],"['Mads Mikkelsen', 'Thomas Bo Larsen', 'Annika Wedderkopp', 'Lasse Fogelstrøm', 'Susse Wold']"
0033467,Citizen Kane,1941,Orson Welles,"['Drama', 'Mystery']","['Joseph Cotten', 'Dorothy Comingore', 'Agnes Moorehead', 'Ruth Warrick', 'Ray Collins']"
0180093,Requiem for a Dream,2000,Darren Aronofsky,['Drama'],"['Ellen Burstyn', 'Jared Leto', 'Jennifer Connelly', 'Marlon Wayans', 'Christopher McDonald']"
0045152,Singin' in the Rain,1952,Stanley Donen,"['Comedy', 'Musical', 'Romance']","['Gene Kelly', ""Donald O'Connor"", 'Debbie Reynolds', 'Jean Hagen', 'Millard Mitchell']"
0053125,North by Northwest,1959,Alfred Hitchcock,"['Adventure', 'Mystery', 'Thriller']","['Cary Grant', 'Eva Marie Saint', 'James Mason', 'Jessie Royce Landis', 'Leo G. Carroll']"
0044741,Ikiru,1952,Akira Kurosawa,['Drama'],"['Takashi Shimura', ""Shin'ichi Himori"", 'Haruo Tanaka', 'Minoru Chiaki', 'Miki Odagiri']"
0338013,Eternal Sunshine of the Spotless Mind,2004,Michel Gondry,"['Drama', 'Romance', 'Sci-Fi']","['Jim Carrey', 'Kate Winslet', 'Gerry Robert Byrne', 'Elijah Wood', 'Thomas Jay Ryan']"
0040522,Bicycle Thieves,1948,Vittorio De Sica,['Drama'],"['Lamberto Maggiorani', 'Enzo Staiola', 'Lianella Carell', 'Elena Altieri', 'Gino Saltamerenda']"
0056172,Lawrence of Arabia,1962,David Lean,"['Adventure', 'Biography', 'Drama', 'War']","[""Peter O'Toole"", 'Alec Guinness', 'Anthony Quinn', 'Jack Hawkins', 'Omar Sharif']"
0012349,The Kid,1921,Charles Chaplin,"['Comedy', 'Drama', 'Family']","['Charles Chaplin', 'Jackie Coogan', 'Carl Miller', 'Edna Purviance', 'Albert Austin']"
0093058,Full Metal Jacket,1987,Stanley Kubrick,"['Drama', 'War']","['Matthew Modine', 'Adam Baldwin', ""Vincent D'Onofrio"", 'R. Lee Ermey', 'Dorian Harewood']"
1255953,Incendies,2010,Denis Villeneuve,"['Drama', 'Mystery', 'War']","['Mustafa Kamel', 'Hussein Sami', 'Rémy Girard', 'Mélissa Désormeaux-Poulin', 'Maxim Gaudette']"
5074352,Dangal,2016,Nitesh Tiwari,"['Action', 'Biography', 'Drama', 'Sport']","['Aamir Khan', 'Fatima Sana Shaikh', 'Sanya Malhotra', 'Sakshi Tanwar', 'Aparshakti Khurana']"
0053604,The Apartment,1960,Billy Wilder,"['Comedy', 'Drama', 'Romance']","['Jack Lemmon', 'Shirley MacLaine', 'Fred MacMurray', 'Ray Walston', 'Jack Kruschen']"
0036775,Double Indemnity,1944,Billy Wilder,"['Crime', 'Drama', 'Film-Noir', 'Mystery', 'Thriller']","['Fred MacMurray', 'Barbara Stanwyck', 'Edward G. Robinson', 'Porter Hall', 'Jean Heather']"
0017136,Metropolis,1927,Fritz Lang,"['Drama', 'Sci-Fi']","['Alfred Abel', 'Gustav Fröhlich', 'Rudolf Klein-Rogge', 'Fritz Rasp', 'Theodor Loos']"
0066921,A Clockwork Orange,1971,Stanley Kubrick,"['Crime', 'Sci-Fi']","['Malcolm McDowell', 'Patrick Magee', 'Michael Bates', 'Warren Clarke', 'John Clive']"
0075314,Taxi Driver,1976,Martin Scorsese,"['Crime', 'Drama']","['Diahnne Abbott', 'Frank Adu', 'Victor Argo', 'Gino Ardito', 'Garth Avery']"
10272386,The Father,2020,Florian Zeller,"['Drama', 'Mystery']","['Olivia Colman', 'Anthony Hopkins', 'Mark Gatiss', 'Olivia Williams', 'Imogen Poots']"
0070735,The Sting,1973,George Roy Hill,"['Comedy', 'Crime', 'Drama']","['Paul Newman', 'Robert Redford', 'Robert Shaw', 'Charles Durning', 'Ray Walston']"
1832382,A Separation,2011,Asghar Farhadi,['Drama'],"['Payman Maadi', 'Leila Hatami', 'Sareh Bayat', 'Shahab Hosseini', 'Sarina Farhadi']"
0086250,Scarface,1983,Brian De Palma,"['Crime', 'Drama']","['Al Pacino', 'Steven Bauer', 'Michelle Pfeiffer', 'Mary Elizabeth Mastrantonio', 'Robert Loggia']"
0208092,Snatch,2000,Guy Ritchie,"['Comedy', 'Crime']","['Ade', 'William Beck', 'Andy Beckwith', 'Ewen Bremner', 'Jason Buckham']"
8579674,1917,2019,Sam Mendes,"['Action', 'Drama', 'War']","['Dean-Charles Chapman', 'George MacKay', 'Daniel Mays', 'Colin Firth', 'Pip Carter']"
0211915,Amélie,2001,Jean-Pierre Jeunet,"['Comedy', 'Romance']","['Audrey Tautou', 'Mathieu Kassovitz', 'Rufus', 'Lorella Cravotta', 'Serge Merlin']"
0056592,To Kill a Mockingbird,1962,Robert Mulligan,"['Crime', 'Drama']","['Gregory Peck', 'John Megna', 'Frank Overton', 'Rosemary Murphy', 'Ruth White']"
0435761,Toy Story 3,2010,Lee Unkrich,"['Animation', 'Adventure', 'Comedy', 'Family', 'Fantasy']","['Tom Hanks', 'Tim Allen', 'Joan Cusack', 'Ned Beatty', 'Don Rickles']"
0059578,For a Few Dollars More,1965,Sergio Leone,['Western'],"['Clint Eastwood', 'Lee Van Cleef', 'Gian Maria Volontè', 'Mara Krupp', 'Luigi Pistilli']"
1049413,Up,2009,Pete Docter,"['Animation', 'Adventure', 'Comedy', 'Drama', 'Family']","['Ed Asner', 'Christopher Plummer', 'Jordan Nagai', 'Bob Peterson', 'Delroy Lindo']"
0048473,Pather Panchali,1955,Satyajit Ray,['Drama'],"['Kanu Bannerjee', 'Karuna Bannerjee', 'Chunibala Devi', 'Uma Das Gupta', 'Subir Banerjee']"
0097576,Indiana Jones and the Last Crusade,1989,Steven Spielberg,"['Action', 'Adventure']","['Harrison Ford', 'Sean Connery', 'Denholm Elliott', 'Alison Doody', 'John Rhys-Davies']"
0113277,Heat,1995,Michael Mann,"['Action', 'Crime', 'Drama']","['Al Pacino', 'Robert De Niro', 'Val Kilmer', 'Jon Voight', 'Tom Sizemore']"
0119488,L.A. Confidential,1997,Curtis Hanson,"['Crime', 'Drama', 'Mystery', 'Thriller']","['Kevin Spacey', 'Russell Crowe', 'Guy Pearce', 'James Cromwell', 'Kim Basinger']"
0089881,Ran,1985,Akira Kurosawa,"['Action', 'Drama', 'War']","['Tatsuya Nakadai', 'Akira Terao', 'Jinpachi Nezu', 'Daisuke Ryû', 'Mieko Harada']"
0095016,Die Hard,1988,John McTiernan,"['Action', 'Thriller']","['Bruce Willis', 'Bonnie Bedelia', 'Reginald VelJohnson', 'Paul Gleason', ""De'voreaux White""]"
0055630,Yojimbo,1961,Akira Kurosawa,"['Action', 'Drama', 'Thriller']","['Toshirô Mifune', 'Tatsuya Nakadai', 'Yôko Tsukasa', 'Isuzu Yamada', 'Daisuke Katô']"
6966692,Green Book,2018,Peter Farrelly,"['Biography', 'Comedy', 'Drama', 'Music']","['Viggo Mortensen', 'Mahershala Ali', 'Linda Cardellini', 'Sebastian Maniscalco', 'Dimiter D. Marinov']"
0042876,Rashomon,1950,Akira Kurosawa,"['Crime', 'Drama', 'Mystery']","['Toshirô Mifune', 'Machiko Kyô', 'Masayuki Mori', 'Takashi Shimura', 'Minoru Chiaki']"
0363163,Downfall,2004,Oliver Hirschbiegel,"['Biography', 'Drama', 'History', 'War']","['Bruno Ganz', 'Alexandra Maria Lara', 'Corinna Harfouch', 'Ulrich Matthes', 'Juliane Köhler']"
0042192,All About Eve,1950,Joseph L. Mankiewicz,['Drama'],"['Bette Davis', 'Anne Baxter', 'George Sanders', 'Celeste Holm', 'Gary Merrill']"
0071853,Monty Python and the Holy Grail,1975,Terry Gilliam,"['Adventure', 'Comedy', 'Fantasy']","['Graham Chapman', 'John Cleese', 'Eric Idle', 'Terry Gilliam', 'Terry Jones']"
0053291,Some Like It Hot,1959,Billy Wilder,"['Comedy', 'Music', 'Romance']","['Marilyn Monroe', 'Tony Curtis', 'Jack Lemmon', 'George Raft', ""Pat O'Brien""]"
0372784,Batman Begins,2005,Christopher Nolan,"['Action', 'Crime', 'Drama']","['Christian Bale', 'Michael Caine', 'Liam Neeson', 'Katie Holmes', 'Gary Oldman']"
15097216,Jai Bhim,2021,T.J. Gnanavel,"['Crime', 'Drama']","['Suriya', 'Lijo Mol Jose', 'Manikandan', 'Rajisha Vijayan', 'Prakash Raj']"
0105695,Unforgiven,1992,Clint Eastwood,"['Drama', 'Western']","['Clint Eastwood', 'Gene Hackman', 'Morgan Freeman', 'Richard Harris', 'Jaimz Woolvett']"
0118849,Children of Heaven,1997,Majid Majidi,"['Drama', 'Family', 'Sport']","['Mohammad Amir Naji', 'Amir Farrokh Hashemian', 'Bahare Seddiqi', 'Nafise Jafar-Mohammadi', 'Fereshte Sarabandi']"
0347149,Howl's Moving Castle,2004,Hayao Miyazaki,"['Animation', 'Adventure', 'Family', 'Fantasy']","['Chieko Baishô', 'Takuya Kimura', 'Akihiro Miwa', 'Tatsuya Gashûin', 'Ryûnosuke Kamiki']"
0993846,The Wolf of Wall Street,2013,Martin Scorsese,"['Biography', 'Comedy', 'Crime', 'Drama']","['Leonardo DiCaprio', 'Jonah Hill', 'Margot Robbie', 'Matthew McConaughey', 'Kyle Chandler']"
0055031,Judgment at Nuremberg,1961,Stanley Kramer,"['Drama', 'War']","['Spencer Tracy', 'Burt Lancaster', 'Richard Widmark', 'Marlene Dietrich', 'Maximilian Schell']"
0469494,There Will Be Blood,2007,Paul Thomas Anderson,['Drama'],"['Daniel Day-Lewis', 'Martin Stringer', 'Matthew Braden Stringer', 'Jacob Stringer', 'Joseph Mussey']"
0112641,Casino,1995,Martin Scorsese,"['Crime', 'Drama']","['Robert De Niro', 'Sharon Stone', 'Joe Pesci', 'James Woods', 'Don Rickles']"
0057115,The Great Escape,1963,John Sturges,"['Adventure', 'Drama', 'History', 'Thriller', 'War']","['Steve McQueen', 'James Garner', 'Richard Attenborough', 'James Donald', 'Charles Bronson']"
0040897,The Treasure of the Sierra Madre,1948,John Huston,"['Adventure', 'Drama', 'Western']","['Humphrey Bogart', 'Walter Huston', 'Tim Holt', 'Bruce Bennett', 'Barton MacLane']"
0457430,Pan's Labyrinth,2006,Guillermo del Toro,"['Drama', 'Fantasy', 'War']","['Ivana Baquero', 'Sergi López', 'Maribel Verdú', 'Doug Jones', 'Ariadna Gil']"
0268978,A Beautiful Mind,2001,Ron Howard,"['Biography', 'Drama']","['Russell Crowe', 'Ed Harris', 'Jennifer Connelly', 'Christopher Plummer', 'Paul Bettany']"
1305806,The Secret in Their Eyes,2009,Juan José Campanella,"['Drama', 'Mystery', 'Romance', 'Thriller']","['Soledad Villamil', 'Ricardo Darín', 'Carla Quevedo', 'Pablo Rago', 'Javier Godino']"
0081398,Raging Bull,1980,Martin Scorsese,"['Biography', 'Drama', 'Sport']","['Robert De Niro', 'Cathy Moriarty', 'Joe Pesci', 'Frank Vincent', 'Nicholas Colasanto']"
0071315,Chinatown,1974,Roman Polanski,"['Drama', 'Mystery', 'Thriller']","['Jack Nicholson', 'Faye Dunaway', 'John Huston', 'Perry Lopez', 'John Hillerman']"
0096283,My Neighbor Totoro,1988,Hayao Miyazaki,"['Animation', 'Comedy', 'Family', 'Fantasy']","['Noriko Hidaka', 'Chika Sakamoto', 'Shigesato Itoi', 'Sumi Shimamoto', 'Tanie Kitabayashi']"
1130884,Shutter Island,2010,Martin Scorsese,"['Mystery', 'Thriller']","['Leonardo DiCaprio', 'Mark Ruffalo', 'Ben Kingsley', 'Max von Sydow', 'Michelle Williams']"
0120735,"Lock, Stock and Two Smoking Barrels",1998,Guy Ritchie,"['Action', 'Comedy', 'Crime']","['Jason Flemyng', 'Dexter Fletcher', 'Nick Moran', 'Jason Statham', 'Steven Mackintosh']"
0477348,No Country for Old Men,2007,Ethan Coen,"['Crime', 'Drama', 'Thriller']","['Tommy Lee Jones', 'Javier Bardem', 'Josh Brolin', 'Woody Harrelson', 'Kelly Macdonald']"
4729430,Klaus,2019,Sergio Pablos,"['Animation', 'Adventure', 'Comedy', 'Family']","['Jason Schwartzman', 'J.K. Simmons', 'Rashida Jones', 'Will Sasso', 'Neda Margrethe Labba']"
0046912,Dial M for Murder,1954,Alfred Hitchcock,"['Crime', 'Thriller']","['Ray Milland', 'Grace Kelly', 'Robert Cummings', 'John Williams', 'Anthony Dawson']"
0084787,The Thing,1982,John Carpenter,"['Horror', 'Mystery', 'Sci-Fi']","['Kurt Russell', 'Wilford Brimley', 'T.K. Carter', 'David Clennon', 'Keith David']"
0015864,The Gold Rush,1925,Charles Chaplin,"['Adventure', 'Comedy', 'Drama', 'Western']","['Charles Chaplin', 'Mack Swain', 'Tom Murray', 'Henry Bergman', 'Malcolm Waite']"
5027774,"Three Billboards Outside Ebbing, Missouri",2017,Martin McDonagh,"['Comedy', 'Crime', 'Drama']","['Frances McDormand', 'Caleb Landry Jones', 'Kerry Condon', 'Sam Rockwell', 'Alejandro Barrios']"
0050976,The Seventh Seal,1957,Ingmar Bergman,"['Drama', 'Fantasy', 'History']","['Gunnar Björnstrand', 'Bengt Ekerot', 'Nils Poppe', 'Max von Sydow', 'Bibi Andersson']"
0080678,The Elephant Man,1980,David Lynch,"['Biography', 'Drama']","['Anthony Hopkins', 'John Hurt', 'Anne Bancroft', 'John Gielgud', 'Wendy Hiller']"
0167404,The Sixth Sense,1999,M. Night Shyamalan,"['Drama', 'Mystery', 'Thriller']","['Bruce Willis', 'Haley Joel Osment', 'Toni Collette', 'Olivia Williams', 'Trevor Morgan']"
0071411,Dersu Uzala,1975,Akira Kurosawa,"['Adventure', 'Biography', 'Drama']","['Yuriy Solomin', 'Maksim Munzuk', 'Mikhail Bychkov', 'Vladimir Khrulyov', 'V. Lastochkin']"
0107290,Jurassic Park,1993,Steven Spielberg,"['Action', 'Adventure', 'Sci-Fi', 'Thriller']","['Sam Neill', 'Laura Dern', 'Jeff Goldblum', 'Richard Attenborough', 'Bob Peck']"
0120382,The Truman Show,1998,Peter Weir,"['Comedy', 'Drama']","['Jim Carrey', 'Laura Linney', 'Noah Emmerich', 'Natascha McElhone', 'Holland Taylor']"
0050986,Wild Strawberries,1957,Ingmar Bergman,"['Drama', 'Romance']","['Victor Sjöström', 'Bibi Andersson', 'Ingrid Thulin', 'Gunnar Björnstrand', 'Jullan Kindahl']"
0041959,The Third Man,1949,Carol Reed,"['Film-Noir', 'Mystery', 'Thriller']","['Joseph Cotten', 'Alida Valli', 'Orson Welles', 'Trevor Howard', 'Paul Hörbiger']"
0353969,Memories of Murder,2003,Bong Joon Ho,"['Crime', 'Drama', 'Mystery', 'Thriller']","['Kang-ho Song', 'Kim Sang-kyung', 'Roe-ha Kim', 'Jae-ho Song', 'Byun Hee-Bong']"
0434409,V for Vendetta,2005,James McTeigue,"['Action', 'Drama', 'Sci-Fi', 'Thriller']","['Natalie Portman', 'Hugo Weaving', 'Stephen Rea', 'Stephen Fry', 'John Hurt']"
0083658,Blade Runner,1982,Ridley Scott,"['Action', 'Drama', 'Sci-Fi', 'Thriller']","['Harrison Ford', 'Rutger Hauer', 'Sean Young', 'Edward James Olmos', 'M. Emmet Walsh']"
0117951,Trainspotting,1996,Danny Boyle,['Drama'],"['Ewan McGregor', 'Ewen Bremner', 'Jonny Lee Miller', 'Kevin McKidd', 'Robert Carlyle']"
0116282,Fargo,1996,Joel Coen,"['Crime', 'Thriller']","['William H. Macy', 'Steve Buscemi', 'Peter Stormare', 'Kristin Rudrüd', 'Harve Presnell']"
0050212,The Bridge on the River Kwai,1957,David Lean,"['Adventure', 'Drama', 'War']","['William Holden', 'Alec Guinness', 'Jack Hawkins', 'Sessue Hayakawa', 'James Donald']"
2096673,Inside Out,2015,Pete Docter,"['Animation', 'Adventure', 'Comedy', 'Drama', 'Family', 'Fantasy']","['Amy Poehler', 'Phyllis Smith', 'Richard Kind', 'Bill Hader', 'Lewis Black']"
0266543,Finding Nemo,2003,Andrew Stanton,"['Animation', 'Adventure', 'Comedy', 'Family']","['Albert Brooks', 'Ellen DeGeneres', 'Alexander Gould', 'Willem Dafoe', 'Brad Garrett']"
0266697,Kill Bill: Vol. 1,2003,Quentin Tarantino,"['Action', 'Crime', 'Drama', 'Thriller']","['Uma Thurman', 'Lucy Liu', 'Vivica A. Fox', 'Daryl Hannah', 'David Carradine']"
1291584,Warrior,2011,Gavin O'Connor,"['Action', 'Drama', 'Sport']","['Joel Edgerton', 'Tom Hardy', 'Nick Nolte', 'Jennifer Morrison', 'Frank Grillo']"
0031381,Gone with the Wind,1939,Victor Fleming,"['Drama', 'History', 'Romance', 'War']","['Thomas Mitchell', ""Barbara O'Neil"", 'Vivien Leigh', 'Evelyn Keyes', 'Ann Rutherford']"
0046438,Tokyo Story,1953,Yasujirô Ozu,['Drama'],"['Chishû Ryû', 'Chieko Higashiyama', 'Setsuko Hara', 'Haruko Sugimura', 'Sô Yamamura']"
0047296,On the Waterfront,1954,Elia Kazan,"['Crime', 'Drama', 'Thriller']","['Marlon Brando', 'Karl Malden', 'Lee J. Cobb', 'Rod Steiger', 'Pat Henning']"
0476735,My Father and My Son,2005,Cagan Irmak,"['Drama', 'Family']","['Eser Sariyar', 'Çetin Tekindor', 'Fikret Kuskan', 'Hümeyra', 'Ege Tanman']"
1392214,Prisoners,2013,Denis Villeneuve,"['Crime', 'Drama', 'Mystery', 'Thriller']","['Hugh Jackman', 'Jake Gyllenhaal', 'Viola Davis', 'Maria Bello', 'Terrence Howard']"
3011894,Wild Tales,2014,Damián Szifron,"['Comedy', 'Drama', 'Thriller']","['Darío Grandinetti', 'María Marull', 'Mónica Villa', 'Diego Starosta', 'Marcelo Frasca']"
2278388,The Grand Budapest Hotel,2014,Wes Anderson,"['Adventure', 'Comedy', 'Crime']","['Ralph Fiennes', 'F. Murray Abraham', 'Mathieu Amalric', 'Adrien Brody', 'Willem Dafoe']"
0079944,Stalker,1979,Andrei Tarkovsky,"['Drama', 'Sci-Fi']","['Alisa Freyndlikh', 'Aleksandr Kaydanovskiy', 'Anatoliy Solonitsyn', 'Nikolay Grinko', 'Natalya Abramova']"
0077416,The Deer Hunter,1978,Michael Cimino,"['Drama', 'War']","['Robert De Niro', 'John Cazale', 'John Savage', 'Christopher Walken', 'Meryl Streep']"
0017925,The General,1926,Clyde Bruckman,"['Action', 'Adventure', 'Comedy', 'Drama', 'War']","['Buster Keaton', 'Marion Mack', 'Glen Cavender', 'Jim Farley', 'Frederick Vroom']"
0015324,Sherlock Jr.,1924,Buster Keaton,"['Action', 'Comedy', 'Romance']","['Buster Keaton', 'Kathryn McGuire', 'Joe Keaton', 'Erwin Connelly', 'Ward Crane']"
1205489,Gran Torino,2008,Clint Eastwood,['Drama'],"['Clint Eastwood', 'Christopher Carley', 'Bee Vang', 'Ahney Her', 'Brian Haley']"
0060827,Persona,1966,Ingmar Bergman,"['Drama', 'Thriller']","['Bibi Andersson', 'Liv Ullmann', 'Margaretha Krook', 'Gunnar Björnstrand', 'Jörgen Lindström']"
0112471,Before Sunrise,1995,Richard Linklater,"['Drama', 'Romance']","['Ethan Hawke', 'Julie Delpy', 'Andrea Eckert', 'Hanno Pöschl', 'Karl Bruckschwaiger']"
0978762,Mary and Max,2009,Adam Elliot,"['Animation', 'Comedy', 'Drama', 'Family']","['Christopher Massey', 'Oliver Marks', 'Daisy Kocher', 'Daniel Marks', 'Hamish Hughes']"
0264464,Catch Me If You Can,2002,Steven Spielberg,"['Biography', 'Crime', 'Drama']","['Leonardo DiCaprio', 'Tom Hanks', 'Christopher Walken', 'Martin Sheen', 'Nathalie Baye']"
0031679,Mr. Smith Goes to Washington,1939,Frank Capra,"['Comedy', 'Drama']","['Jean Arthur', 'James Stewart', 'Claude Rains', 'Edward Arnold', 'Guy Kibbee']"
0072684,Barry Lyndon,1975,Stanley Kubrick,"['Adventure', 'Drama', 'History', 'War']","[""Ryan O'Neal"", 'Marisa Berenson', 'Patrick Magee', 'Hardy Krüger', 'Steven Berkoff']"
0107207,In the Name of the Father,1993,Jim Sheridan,"['Biography', 'Crime', 'Drama']","['Alison Crosbie', 'Daniel Day-Lewis', 'Philip King', 'Emma Thompson', 'Nye Heron']"
2119532,Hacksaw Ridge,2016,Mel Gibson,"['Biography', 'Drama', 'History', 'War']","['Andrew Garfield', 'Richard Pyros', 'Jacob Warner', 'Milo Gibson', 'Darcy Bryce']"
2267998,Gone Girl,2014,David Fincher,"['Drama', 'Mystery', 'Thriller']","['Ben Affleck', 'Rosamund Pike', 'Neil Patrick Harris', 'Tyler Perry', 'Carrie Coon']"
3170832,Room,2015,Lenny Abrahamson,"['Drama', 'Thriller']","['Brie Larson', 'Jacob Tremblay', 'Sean Bridgers', 'Wendy Crewson', 'Sandy McMaster']"
0065234,Z,1969,Costa-Gavras,"['Crime', 'Drama', 'History', 'Thriller']","['Yves Montand', 'Irene Papas', 'Jean-Louis Trintignant', 'François Périer', 'Jacques Perrin']"
1160419,Dune,2021,Denis Villeneuve,"['Action', 'Adventure', 'Drama', 'Sci-Fi']","['Timothée Chalamet', 'Rebecca Ferguson', 'Oscar Isaac', 'Jason Momoa', 'Stellan Skarsgård']"
8108198,Andhadhun,2018,Sriram Raghavan,"['Comedy', 'Crime', 'Music', 'Mystery', 'Thriller']","['Ayushmann Khurrana', 'Tabu', 'Radhika Apte', 'Anil Dhawan', 'Manav Vij']"
0019254,The Passion of Joan of Arc,1928,Carl Theodor Dreyer,"['Biography', 'Drama', 'History']","['Maria Falconetti', 'Eugene Silvain', 'André Berley', 'Maurice Schutz', 'Antonin Artaud']"
1950186,Ford v Ferrari,2019,James Mangold,"['Action', 'Biography', 'Drama', 'Sport']","['Matt Damon', 'Christian Bale', 'Jon Bernthal', 'Caitriona Balfe', 'Josh Lucas']"
2024544,12 Years a Slave,2013,Steve McQueen,"['Biography', 'Drama', 'History']","['Chiwetel Ejiofor', 'Dwight Henry', 'Dickie Gravois', 'Bryan Batt', 'Ashley Dyke']"
0035446,To Be or Not to Be,1942,Ernst Lubitsch,"['Comedy', 'Romance', 'War']","['Carole Lombard', 'Jack Benny', 'Robert Stack', 'Felix Bressart', 'Lionel Atwill']"
0118715,The Big Lebowski,1998,Joel Coen,"['Comedy', 'Crime']","['Jeff Bridges', 'John Goodman', 'Julianne Moore', 'Steve Buscemi', 'David Huddleston']"
0097165,Dead Poets Society,1989,Peter Weir,"['Comedy', 'Drama']","['Robin Williams', 'Robert Sean Leonard', 'Ethan Hawke', 'Josh Charles', 'Gale Hansen']"
1201607,Harry Potter and the Deathly Hallows: Part 2,2011,David Yates,"['Adventure', 'Fantasy', 'Mystery']","['Ralph Fiennes', 'Michael Gambon', 'Alan Rickman', 'Daniel Radcliffe', 'Rupert Grint']"
0052618,Ben-Hur,1959,William Wyler,"['Adventure', 'Drama', 'History']","['Charlton Heston', 'Jack Hawkins', 'Haya Harareet', 'Stephen Boyd', 'Hugh Griffith']"
0892769,How to Train Your Dragon,2010,Dean DeBlois,"['Animation', 'Action', 'Adventure', 'Comedy', 'Family', 'Fantasy']","['Jay Baruchel', 'Gerard Butler', 'Craig Ferguson', 'America Ferrera', 'Jonah Hill']"
1392190,Mad Max: Fury Road,2015,George Miller,"['Action', 'Adventure', 'Sci-Fi', 'Thriller']","['Tom Hardy', 'Charlize Theron', 'Nicholas Hoult', 'Hugh Keays-Byrne', 'Josh Helman']"
0077711,Autumn Sonata,1978,Ingmar Bergman,"['Drama', 'Music']","['Ingrid Bergman', 'Liv Ullmann', 'Lena Nyman', 'Halvar Björk', 'Marianne Aminoff']"
0405159,Million Dollar Baby,2004,Clint Eastwood,"['Drama', 'Sport']","['Clint Eastwood', 'Hilary Swank', 'Morgan Freeman', 'Jay Baruchel', 'Mike Colter']"
0046268,The Wages of Fear,1953,Henri-Georges Clouzot,"['Adventure', 'Drama', 'Thriller']","['Yves Montand', 'Charles Vanel', 'Folco Lulli', 'Peter van Eyck', 'Véra Clouzot']"
0092005,Stand by Me,1986,Rob Reiner,"['Adventure', 'Drama']","['Wil Wheaton', 'River Phoenix', 'Corey Feldman', ""Jerry O'Connell"", 'Kiefer Sutherland']"
0074958,Network,1976,Sidney Lumet,['Drama'],"['Faye Dunaway', 'William Holden', 'Peter Finch', 'Robert Duvall', 'Wesley Addy']"
4016934,The Handmaiden,2016,Park Chan-wook,"['Drama', 'Romance', 'Thriller']","['Kim Tae-ri', 'Yong-nyeo Lee', 'Min-chae Yoo', 'Dong-hwi Lee', 'Kim Hae-sook']"
3315342,Logan,2017,James Mangold,"['Action', 'Drama', 'Sci-Fi', 'Thriller']","['Hugh Jackman', 'Patrick Stewart', 'Dafne Keen', 'Boyd Holbrook', 'Stephen Merchant']"
1954470,Gangs of Wasseypur,2012,Anurag Kashyap,"['Action', 'Comedy', 'Crime', 'Drama', 'Thriller']","['Manoj Bajpayee', 'Richa Chadha', 'Nawazuddin Siddiqui', 'Tigmanshu Dhulia', 'Jameel Khan']"
0113247,La Haine,1995,Mathieu Kassovitz,"['Crime', 'Drama']","['Vincent Cassel', 'Hubert Koundé', 'Saïd Taghmaoui', 'Abdel Ahmed Ghili', 'Solo']"
5323662,A Silent Voice: The Movie,2016,Naoko Yamada,"['Animation', 'Drama']","['Miyu Irino', 'Saori Hayami', 'Aoi Yûki', 'Kenshô Ono', 'Yûki Kaneko']"
0061512,Cool Hand Luke,1967,Stuart Rosenberg,"['Crime', 'Drama']","['Paul Newman', 'George Kennedy', 'J.D. Cannon', 'Lou Antonio', 'Robert Drivas']"
1028532,Hachi: A Dog's Tale,2009,Lasse Hallström,"['Biography', 'Drama', 'Family']","['Richard Gere', 'Joan Allen', 'Cary-Hiroyuki Tagawa', 'Sarah Roemer', 'Jason Alexander']"
0053198,The 400 Blows,1959,François Truffaut,"['Crime', 'Drama']","['Jean-Pierre Léaud', 'Claire Maurier', 'Albert Rémy', 'Guy Decomble', 'Georges Flamant']"
0091763,Platoon,1986,Oliver Stone,"['Drama', 'War']","['Keith David', 'Forest Whitaker', 'Francesco Quinn', 'Kevin Dillon', 'John C. McGinley']"
1895587,Spotlight,2015,Tom McCarthy,"['Biography', 'Crime', 'Drama']","['Mark Ruffalo', 'Michael Keaton', 'Rachel McAdams', 'Liev Schreiber', 'John Slattery']"
0198781,"Monsters, Inc.",2001,Pete Docter,"['Animation', 'Adventure', 'Comedy', 'Family', 'Fantasy']","['John Goodman', 'Billy Crystal', 'Mary Gibbs', 'Steve Buscemi', 'James Coburn']"
0032976,Rebecca,1940,Alfred Hitchcock,"['Drama', 'Film-Noir', 'Mystery', 'Romance', 'Thriller']","['Laurence Olivier', 'Joan Fontaine', 'George Sanders', 'Judith Anderson', 'Nigel Bruce']"
0079470,Life of Brian,1979,Terry Jones,['Comedy'],"['Graham Chapman', 'John Cleese', 'Terry Gilliam', 'Eric Idle', 'Terry Jones']"
0116231,The Bandit,1996,Yavuz Turgul,"['Crime', 'Drama', 'Thriller']","['Sener Sen', 'Ugur Yücel', 'Sermin Hürmeriç', 'Yesim Salkim', 'Kamran Usluer']"
0118694,In the Mood for Love,2000,Kar-Wai Wong,"['Drama', 'Romance']","['Maggie Cheung', 'Tony Chiu-Wai Leung', 'Siu Ping-Lam', ""Tung Cho 'Joe' Cheung"", 'Rebecca Pan']"
0395169,Hotel Rwanda,2004,Terry George,"['Biography', 'Drama', 'History', 'War']","['Xolani Mali', 'Don Cheadle', 'Desmond Dube', 'Hakeem Kae-Kazim', 'Tony Kgoroge']"
1979320,Rush,2013,Ron Howard,"['Action', 'Biography', 'Drama', 'Sport']","['Chris Hemsworth', 'Daniel Brühl', 'Olivia Wilde', 'Alexandra Maria Lara', 'Pierfrancesco Favino']"
0075148,Rocky,1976,John G. Avildsen,"['Drama', 'Sport']","['Sylvester Stallone', 'Talia Shire', 'Burt Young', 'Carl Weathers', 'Burgess Meredith']"
0245712,Amores perros,2000,Alejandro G. Iñárritu,"['Drama', 'Thriller']","['Emilio Echevarría', 'Gael García Bernal', 'Goya Toledo', 'Álvaro Guerrero', 'Vanessa Bauche']"
0758758,Into the Wild,2007,Sean Penn,"['Adventure', 'Biography', 'Drama']","['Emile Hirsch', 'Marcia Gay Harden', 'William Hurt', 'Jena Malone', 'Brian H. Dierker']"
0087544,Nausicaä of the Valley of the Wind,1984,Hayao Miyazaki,"['Animation', 'Adventure', 'Sci-Fi']","['Sumi Shimamoto', 'Mahito Tsujimura', 'Hisako Kyôda', 'Gorô Naya', 'Ichirô Nagai']"
11032374,Demon Slayer: Mugen Train,2020,Haruo Sotozaki,"['Animation', 'Action', 'Adventure', 'Fantasy', 'Horror']","['Natsuki Hanae', 'Akari Kitô', 'Hiro Shimono', 'Yoshitsugu Matsuoka', 'Satoshi Hino']"
0381681,Before Sunset,2004,Richard Linklater,"['Drama', 'Romance']","['Ethan Hawke', 'Julie Delpy', 'Vernon Dobtcheff', 'Louise Lemoine Torrès', 'Rodolphe Pauly']"
0025316,It Happened One Night,1934,Frank Capra,"['Comedy', 'Romance']","['Clark Gable', 'Claudette Colbert', 'Walter Connolly', 'Roscoe Karns', 'Jameson Thomas']"
3417422,Drishyam,2013,Jeethu Joseph,"['Crime', 'Drama', 'Thriller']","['Mohanlal', 'Meena', 'Asha Sharath', 'Ansiba', 'Esther Anil']"
0242519,Hera Pheri,2000,Priyadarshan,"['Action', 'Comedy', 'Crime', 'Drama']","['Akshay Kumar', 'Suniel Shetty', 'Paresh Rawal', 'Tabu', 'Om Puri']"
0058946,The Battle of Algiers,1966,Gillo Pontecorvo,"['Drama', 'War']","['Brahim Hadjadj', 'Jean Martin', 'Yacef Saadi', 'Samia Kerbash', 'Ugo Paletti']"
0083922,Fanny and Alexander,1982,Ingmar Bergman,['Drama'],"['Kristina Adolphson', 'Börje Ahlstedt', 'Pernilla Allwin', 'Kristian Almgren', 'Carl Billquist']"
10431500,Miracle in Cell No. 7,2019,Mehmet Ada Öztekin,['Drama'],"['Aras Bulut Iynemli', 'Nisa Sofiya Aksongur', 'Deniz Baysal', 'Celile Toyon Uysal', 'Ilker Aksum']"
7019842,96,2018,C. Prem Kumar,"['Drama', 'Romance']","['Vijay Sethupathi', 'Adithya Bhaskar', 'Trisha Krishnan', 'Gouri Kishan', 'Devadarshini Chetan']"
0050783,Nights of Cabiria,1957,Federico Fellini,['Drama'],"['Giulietta Masina', 'François Périer', 'Franca Marzi', 'Dorian Gray', 'Aldo Silvani']"
